Close,High,Low,Open,Volume
AAPL,AAPL,AAPL,AAPL,AAPL
72.71604919433594,72.77657528699172,71.46678975530806,71.7209963890867,135480400
72.0091323852539,72.77176000550182,71.78397699623217,71.9413434276417,146322800
72.5829086303711,72.62164622763687,70.87607527260708,71.12786596061405,118387200
72.24154663085938,72.84922374466596,72.02123070618616,72.59259363206662,108872000
73.40363311767578,73.70626361557562,71.94374389134458,71.94374389134458,132079200
74.96281433105469,75.15649496744561,74.13239770457567,74.38418105419532,170108400
75.13227081298828,75.69880172853615,74.62869680726308,75.19764374317383,140644800
76.73741149902344,76.76404682603398,75.3307854721379,75.44942165682815,121532000
75.70121002197266,76.88510420958616,75.57774178905865,76.6744745414686,161954400
75.3768081665039,76.38396369325629,74.94343907710318,75.50028381601487,121923600
76.32101440429688,76.4323877854954,75.55838676505513,75.92154348740286,108829200
77.16596221923828,77.16837823985516,76.26290986480943,76.57037988918707,137816400
76.64300537109375,77.23615682397768,76.50500406521856,76.79310894375465,110843200
76.91658020019531,77.47099402402007,76.82215592624772,77.1296258918447,101832400
77.28699493408203,77.3668861399878,76.42025699227077,76.96983874202517,104472000
77.06426239013672,78.2796239983564,76.87299781703734,77.53394558679635,146537600
74.79817962646484,75.48090862271498,73.81281265158368,75.06691204410036,161940000
76.91414642333984,77.08603847633346,75.58257224071698,75.68183593003438,162234000
78.524169921875,79.37395905172454,77.8075426954761,78.55080525794223,216229200
78.4103775024414,78.46364078408652,77.17080373518314,77.60417282727558,126743200
74.93374633789062,78.12225762194025,74.63837863048332,77.69857485901245,199588400
74.72796630859375,75.89732764326911,73.16881293673191,73.67238698147514,173788400
77.19498443603516,77.38624896845539,75.93119925405388,76.3379328465804,136616400
77.8244857788086,78.62585099313237,77.21922459648295,78.32563642255818,118826800
78.73480224609375,78.7372256553915,77.53638940614043,78.09565020914057,105425600
77.6645736694336,78.48240085764334,77.1719355094332,78.23244174012544,117684000
78.03343200683594,78.03343200683594,76.16480809009461,76.24488890405078,109348800
77.5626449584961,78.60374012100387,77.34423530217373,78.53093937088862,94323200
79.40459442138672,79.40944533661985,78.01404068842541,78.01404068842541,113730400
78.83914947509766,79.16676770573471,78.47027994928578,78.6741294824432,94747600
78.85855102539062,79.10851012138082,78.34892359887368,78.80758309855572,80113600
77.41459655761719,77.59660579717271,76.34923225388421,76.53124149343974,152531200
78.53578186035156,78.76632988761132,77.65728500864738,77.65728500864738,93984000
77.73009490966797,78.78575023333428,77.22289659591061,78.29554123010857,100566000
75.97066497802734,77.76649566805042,75.35183643347615,77.32238890983989,129554000
72.36202239990234,73.81809639904387,70.19004979476811,72.13876186738017,222195200
69.91098022460938,73.41769559790279,69.4377605020185,73.03426594239946,230673600
71.02002716064453,72.28924134156426,69.5275523864246,69.53483246216315,198054800
66.37755584716797,69.4061923618355,66.24165620285358,68.21706677109698,320605600
66.33872985839844,67.56426328843753,62.21561589566721,62.43160376696,426510000
72.51492309570312,73.15317015362184,67.39682304876307,68.50343887480543,341397200
70.2118911743164,73.77441717355254,69.35765634090362,73.69433636090781,319475600
73.46868133544922,73.62885045844551,71.1365383275642,71.93980569790787,219178400
71.0855484008789,72.69450423193115,70.7191006767236,71.71650798671432,187572800
70.14152526855469,70.57592284013839,68.24863164787311,68.43549184953756,226176800
64.5938949584961,67.48662548846899,63.8245990046388,64.00660831738968,286744800
69.24603271484375,69.5129811258908,65.37044835521063,67.25606913589775,285290000
66.84107971191406,68.24619329059158,65.9747138459021,67.31673591637701,255598800
60.24021530151367,65.52333888472222,60.18440016078189,62.111272274536645,418474000
67.45748901367188,67.93071607578169,61.38565875889742,64.28325061879912,370732000
58.77928924560547,62.87327957704444,58.24296696218062,58.71619032815072,322423600
61.36381912231445,62.5165408014644,57.854678750743666,60.06548484229005,324056000
59.86163330078125,60.66975488014331,57.54404792376218,58.18714954728448,300233600
59.40297317504883,61.35896558109421,58.87636011980493,60.036365596883776,271857200
55.63174057006836,61.11385881136198,55.330817248448476,59.98539913252844,401693200
54.44989013671875,55.45215566699075,51.59598621533572,55.35023092369006,336752800
59.91258239746094,60.109151761164675,56.85968065833048,57.35959871984543,287531200
59.58255386352539,62.67185674280047,59.286485163699844,60.85176409780143,303602000
62.71797180175781,62.77621240154902,59.78640854897909,59.82523808416542,252087200
60.12130355834961,62.09428153233142,59.95385443702902,61.33712415208677,204216800
61.83704376220703,62.0093475048291,60.52414930589501,60.849342024154396,167976400
61.71084976196289,63.700817094858024,61.15511640489983,62.0287624061651,197002000
58.46380615234375,60.35912878890937,58.031837774101646,59.82038104472191,176218400
59.43937301635742,59.49276269917482,57.49066070248686,58.32547715782636,165934000
58.585140228271484,59.626231543601605,57.99300285608874,58.9224639013772,129880000
63.695960998535156,63.851271716138356,60.51929359909339,60.88816303362977,201820400
62.95820236206055,65.93587801423655,62.853852184130766,65.7174610200914,202887200
64.56959533691406,64.88507503558087,63.39503001062034,63.76147021932345,168895200
65.0355453491211,65.54032183594127,64.23713674062121,65.20785277807086,161834800
66.31204986572266,66.42125839971293,64.51136807094039,65.11321477612952,131022800
69.6610107421875,69.95222853281514,67.47689953040836,67.95012658868427,194994800
69.02519226074219,69.48628092008256,68.10301494206142,68.53255414367216,131154400
69.57365417480469,69.94010189303526,68.52042803590564,69.74110330393147,157125200
68.62962341308594,69.63674726381512,67.1881094519009,69.08829031254295,215250000
67.20509338378906,68.35781862849281,67.18568232250739,67.45263070247596,130015200
65.12776947021484,67.28276042085989,64.41429253639382,67.0473614677832,180991600
67.00367736816406,67.4404966317663,66.05723069304202,66.39940158614417,116862400
66.74402618408203,68.37482987612435,66.70519664308368,66.94787571984011,124814400
68.67089080810547,68.6806000437413,67.22209658899173,67.27063536119402,126161200
68.71942138671875,69.05189045933044,67.93799464568525,68.38694490813113,117087600
67.60550689697266,69.36492949955759,67.51329510571802,69.18292026480744,112004800
69.82601928710938,70.29681705834746,68.8941329766309,69.097982412738,137280800
71.29908752441406,71.47624586127782,69.97649141267905,70.36720104938254,183064000
70.15122985839844,72.56103087905444,69.36980307576957,69.46687320779041,240616800
71.1437759399414,71.27239551263796,69.48385248239573,70.17548910786692,133568000
72.2115707397461,73.04638718577591,71.45926427424553,71.60487317175793,147751200
72.95659637451172,73.58998507405805,72.52947892116252,72.91533768168664,142333600
73.71131134033203,74.05834791180315,73.2817722099888,73.58512093632648,115215200
75.4657974243164,75.51933164317072,74.04471602730506,74.37322112363715,133838400
76.65325164794922,77.14965158521665,74.76252676945559,74.97179952522458,145946400
75.77725219726562,77.79207364909227,75.65558421726155,77.33946490194451,162301200
74.86229705810547,76.88198972405412,73.78188493945902,75.95730873840742,200622400
75.32221221923828,75.38304620688119,73.37308887883164,74.09823268490378,158929200
74.87689971923828,74.92313414173562,73.05188017652294,73.08595077247826,166348400
76.64110565185547,77.01584517686892,75.51203045613542,76.20553955193793,135178400
76.19822692871094,77.50736817025115,76.16659206539425,76.65812803670754,101729600
77.68013000488281,77.75069207639052,77.02068430144911,77.05961894056877,111504800
77.10099792480469,78.08407725078851,76.86252601832638,77.54143540411926,102688800
77.59740447998047,77.68013781166567,76.73599313969208,76.83819007988166,81803200
77.0718002319336,78.89924821688763,77.01583028852903,78.71918198527375,125522000
77.40760040283203,77.55360346730318,76.18605652967298,76.92823567989113,112945200
77.44166564941406,78.70457981685169,76.80412665218442,77.08152577208277,133560800
77.36621856689453,78.1473247460618,77.00851448794498,77.68498800975172,153532400
78.31768035888672,78.43934833911615,77.18859793786604,77.32000143580059,80791200
78.68023681640625,78.70457189402366,77.60712449987925,78.04999766403765,87642800
79.1134033203125,79.37621037280043,78.42719398173664,79.00147083367361,104491200
78.43206024169922,79.23506606043094,78.05732072747928,78.93576753713425,87560400
80.6658706665039,80.72670465644849,78.65348495250613,78.68268407951567,137250400
81.14280700683594,81.17687760567065,79.64872807646304,80.36170065582685,95654400
83.70513153076172,84.09933458379527,80.7899715861673,80.82160644800746,147712400
85.85867309570312,86.3283097920722,84.21615510054647,84.6565926651657,166651600
81.7365493774414,85.42552350785493,81.63435243044103,84.99968556796321,201662400
82.4422378540039,84.63226196090983,81.327762187052,83.88279031177558,200146000
83.4617919921875,84.1163662672843,80.92866395631923,81.09170230417108,138808800
85.67372131347656,85.94626382585014,83.88277221688082,85.52285420682057,165428800
85.55448150634766,86.48159083556952,85.43281353741015,86.42075685110076,114406400
85.58856201171875,86.00710017036369,84.97778636060843,85.51069272033729,96820400
85.09944152832031,86.76385839432308,83.98739454869698,86.2966575684398,264476000
87.32595825195312,87.46952555006234,85.44740469919928,85.49363911693206,135445200
89.18993377685547,90.61345070235802,88.15332015682368,88.57429406296431,212155600
87.61554718017578,89.73987283324034,87.24080771386359,88.81762744432615,192623200
88.77867889404297,88.81761353356403,87.00962937456471,87.77127201576967,137522400
86.05089569091797,88.8954936232834,85.90245689556569,88.67405701121628,205256800
88.0340805053711,88.12898509123728,85.47905300682135,85.9584251297807,130646000
88.76896667480469,89.05610878837916,87.60095688672507,87.62042049858218,140223200
88.6010513305664,89.39189318717276,88.55238859500506,88.84682302233178,110737200
88.6010513305664,90.14867187148857,88.48669056028642,89.51113285524976,114041600
90.97114562988281,91.44078222719904,90.00266588363523,90.03430074503379,118655600
90.6888656616211,92.13184590156695,90.57693321642051,91.35073966867222,112424400
92.80101776123047,92.83265261870064,91.58190243701405,91.6695072289332,117092000
93.2000961303711,93.75003027778281,92.14888313949528,93.69649607659868,125642800
93.3631362915039,93.42154196968667,92.18052712914378,92.79373105488341,90257200
92.93244171142578,97.29058984952216,92.7183048684692,94.67229242141129,191649200
94.47032928466797,94.66255936029044,91.37509535164902,92.31193292486347,170989200
95.1200180053711,96.60193299733245,93.91793786080713,96.35129727473847,153198000
93.9495620727539,94.80853755147119,93.34852206859607,93.98849671008664,110577600
93.75975799560547,94.5578994757678,93.28525000521282,94.40216835638182,92186800
95.73567962646484,95.87438292715883,93.50185695370757,93.84739733729212,90318000
94.41436767578125,96.60439166826072,94.16373189368295,96.52895810260178,103433200
94.67957305908203,95.36334640624791,94.02743456995962,94.11503193744338,89001600
90.3700942993164,94.48976960353711,89.55735322535958,94.4119003276313,197004400
90.14623260498047,90.4917729162458,86.76872848149942,88.56212064394785,185438800
92.28271484375,92.37518368443884,90.98817335217583,91.21203824708473,121214000
90.7667465209961,92.02966071554671,90.7618750492638,91.85202279586937,103625600
92.5065689086914,92.691506553572,91.21445598169441,91.25095487844145,90329200
93.62594604492188,93.73057872513968,91.26802000602063,91.67682263526055,158130000
103.42752075195312,103.57838786224833,98.13739181757805,100.142485220989,374336800
106.03364562988281,108.66167105374215,105.01650308916155,105.31580157029778,308151200
106.74175262451172,107.83676443958547,105.49830201297321,106.22344584387962,173071600
107.12865447998047,107.44985972369943,105.99470803547494,106.46191633779561,121776800
110.86630249023438,111.36270996964782,106.87072984975072,107.46203450000841,202428800
108.3456802368164,110.84437118501253,107.54609943097022,110.38607350859807,198045600
109.92045593261719,110.94187256781626,107.26087294038835,109.79612844927841,212403600
106.65142822265625,109.68154587218592,106.3905875156011,109.18181072713648,187902400
110.19590759277344,110.45430815645663,107.55095084699191,107.74596761374468,165598000
112.14612579345703,113.15291659102363,111.09057707546326,111.58056664992404,210082000
112.04615020751953,112.13634564305688,110.23002598166595,111.97058065669567,165565200
111.75363159179688,113.19678105887246,111.1246961523291,113.17240210150105,119561600
112.68485260009766,113.11145831572809,111.1685737018232,111.50498397074077,105633600
112.82623291015625,114.2450033462818,112.73116465257537,113.09438654850844,145538000
115.3298110961914,115.44438550181255,112.85061914452253,112.86768515883944,126907200
121.27303314208984,121.7581423853081,116.28052490809851,116.29271066660041,338054800
122.72348022460938,125.57808696417352,120.85129254611644,125.49275690245359,345937600
121.7166976928711,122.06286102018731,119.98833606258718,121.59237766186422,211495600
123.37193298339844,123.83023059467142,121.96778837684518,123.03796284565955,163022400
121.89710235595703,124.31047038391692,120.74891816931488,123.97650023718222,155552400
121.69964599609375,123.2939271755795,121.4753699990524,122.87463439456488,187630000
125.82673645019531,127.73793655138815,122.86244278988478,124.40310060397898,225702700
130.8387451171875,131.44331646895694,127.27964057724809,129.45410665665014,151948100
128.1279754638672,134.54412730802744,123.837546725689,134.16383937386541,200119000
117.86992645263672,125.63171109830371,117.49939163024852,123.74977777668435,257599600
117.94795227050781,120.61972095191703,108.12870745933931,117.08011491662583,332607200
110.01065063476562,116.02700868136228,109.87413739256252,111.11250964380896,231366600
114.39857482910156,116.17325409792939,112.38987396422294,114.34007128994196,176940500
110.66395568847656,117.49940004817361,109.69861000348159,117.36288681754456,182274400
109.21107482910156,112.36064749260446,107.26087706429617,111.71707865929991,180860300
112.48741149902344,113.04321758334012,109.99116065569437,111.86334878819117,140150100
112.66291046142578,115.87098624147585,110.78096957645455,115.38343686650313,184642000
109.33782958984375,113.11146475601348,109.250074265693,112.36064192709577,154679000
107.59239959716797,109.40608398688913,106.00299120807408,106.98784309353663,178011000
104.1795425415039,108.1189422202142,103.44821850945301,107.65089900577279,287104900
107.33887481689453,107.44613627717712,100.53268210169752,101.93682671673261,195713800
109.02578735351562,110.04964400266275,106.4417816531773,109.87412593250646,183055400
104.45258331298828,109.31832411053182,104.11129279067556,108.84052779447258,150718700
105.52518463134766,107.50463384194083,102.38536556375317,102.5511305606354,167743300
109.48409271240234,109.64011209223098,104.98888662302512,105.72996379838419,149981400
112.09735107421875,112.44838721832883,109.97163550795793,112.1461089873391,137672400
111.24901580810547,112.43863750540089,110.74196771781253,111.69756779185069,99382200
112.92618560791016,114.34008328098176,110.79072437109879,110.95648937570999,142675200
113.88179016113281,114.78863234602518,112.94569620243965,114.7106226562807,116120400
110.20565795898438,112.49714598356358,109.42558341904119,110.07889779908955,144712000
113.59901428222656,113.7452805953654,110.72247569462236,111.07351187039006,106243800
110.34217834472656,113.22846975785129,109.45483490950848,112.81892262806667,161498200
112.21437072753906,112.6726683499166,111.28802241183179,111.76582617611366,96849000
112.10710144042969,113.50149291272723,111.73655916424462,113.35522661630749,83477200
114.05730438232422,114.0865561551348,112.05834892691767,112.40938507947115,100506900
121.30229949951172,122.0628754189247,116.30979066521708,117.07036658463008,240226800
118.08445739746094,122.26763193691325,116.67056718260892,122.15061740846656,262330500
118.17222595214844,119.96640417322294,116.64132113373098,117.98695479953686,150712000
117.70417022705078,118.18196653560398,115.20791978630072,115.76372578098064,112559200
116.0562515258789,118.52325764594907,115.85148167833091,118.25997681380653,115393800
113.09195709228516,117.42139051387834,112.7799257876711,116.97284597845898,120639300
114.5838623046875,116.01725873391653,112.75067179572477,113.3064778152816,124423700
113.95979309082031,115.75397121203213,113.55024596366279,113.76476887802791,89946000
112.86769104003906,115.10066828250254,111.73657281161336,114.52535609682704,101988000
112.17535400390625,113.64775510639481,111.4342769177023,113.49173574533604,82572600
112.18512725830078,113.64777555403136,110.06915706985596,111.1710235471979,111850700
113.69651794433594,114.35958542213467,111.68781680839272,112.61415768734956,92276800
108.43096923828125,112.55563988990885,108.33346085906479,112.18510507312128,143937800
112.4483871459961,114.01829672297495,109.40607637880336,109.57184881965813,146129200
106.14926147460938,109.20131819888869,105.0376493800456,108.2944759702273,190272600
106.0615005493164,107.92394295724235,104.64761016714455,106.3930380327763,122866900
107.68988800048828,108.71373703105417,106.02247034549957,106.92931230937887,107624400
112.08760070800781,112.71166332605715,109.55234539225575,111.29777308441078,138235500
116.06600189208984,116.64131401748298,113.95979248109225,115.01289346688455,126387100
115.93412780761719,116.43228070272636,113.43356362742085,115.57271619055545,114457900
113.61917114257812,119.1575178931427,113.35544353875275,117.70211621905518,154515300
113.27729797363281,114.85967848302198,111.48001699164712,112.86705172692065,138023400
116.71556091308594,116.85230965844065,113.73638330100388,114.46896905922455,112295000
116.44207000732422,117.7314207166171,115.81693072113664,116.84255382154495,103162300
116.49092102050781,116.89139741334863,115.13319583001916,116.66674192406562,81581900
117.50677490234375,118.18074882588525,115.40669394696378,116.15881215076331,91183000
116.6178970336914,117.86817567185544,116.19788085503488,116.77418558958617,74271000
115.28946685791016,117.03790584258053,115.26016461858715,115.85600165898173,76322100
115.88530731201172,116.29555357911475,114.09779613817214,114.85968419200586,74113000
114.61547088623047,116.01226791589127,114.5666363110203,115.88528907764832,73604300
111.20652770996094,114.88899666218843,111.10885108956266,114.45921058973786,127959300
112.4958724975586,113.16008391412161,109.97577558304761,111.26513373188881,113874200
113.33590698242188,114.0391905490455,112.49587466142678,112.86705623950492,76499200
113.88290405273438,114.76200852686044,113.521499817773,113.86337170986415,46691300
116.28578186035156,118.16119960518925,114.09778703912657,114.25407557732021,169410200
119.87056732177734,120.60315308283555,117.22349166609008,118.20027268083436,127728200
120.22221374511719,120.505481144647,118.0830608551581,119.18682076181041,89004200
120.08546447753906,120.90595698113327,119.37241103320297,120.65199182191449,78967600
119.41148376464844,120.0073208033349,118.69843031675794,119.75335564285018,78260400
120.87664794921875,121.67760806582265,119.41147645892518,119.4700809338177,86712000
121.49201965332031,122.07809422262514,120.23197125291128,121.48225720881356,82225500
118.952392578125,123.02556768253118,118.19050456748764,121.63854040920427,115089200
120.37848663330078,120.99386342394624,117.36023696350695,117.70210881817248,81312200
119.56776428222656,119.90963613747431,117.75095104891274,119.58729662299177,86939800
118.952392578125,120.48593849632398,118.71796721767839,119.75335272421145,79184500
124.91075134277344,124.9302911359923,121.24782260023406,121.45294571554655,157243700
124.84237670898438,125.389371682003,123.62140046403383,124.45167027239827,98208600
125.71173095703125,126.57130313801186,125.06705182129579,125.90708420602752,94359800
123.71910095214844,126.10244928345861,123.19163825002659,125.96570052204723,192541500
125.25264739990234,125.33079168337974,120.5836345197385,122.11718068479962,121251600
128.81790161132812,131.2891567050616,126.63966893622124,128.5541665300668,168904800
127.91924285888672,129.35509717792385,127.7434145333038,129.09137704629174,88223700
128.90577697753906,130.3611858888105,128.0559823612598,128.27087535230643,54930100
133.51620483398438,134.1511065581324,130.41003332778524,130.8788989655675,124486200
131.7384490966797,135.56742883965345,131.22075635748268,134.84462043635702,121047300
130.61517333984375,132.83247066876245,130.30259622541593,132.43198683008825,96452100
129.6090545654297,131.61145830727833,128.66157593984025,130.96677936325997,99116600
126.40526580810547,130.50774409890263,123.81679399146579,130.4198373630175,143301900
127.96806335449219,128.6811241595061,125.44796678465465,125.8972925672046,97664900
123.66048431396484,128.00716462914988,123.44559128213457,124.75448181589701,155088000
127.88015747070312,128.573678488458,124.89121021187437,125.37960067650636,109578200
128.98391723632812,129.55045193110092,127.20616889364516,129.35508383294297,105158200
125.98522186279297,127.14759375428018,125.51637110895247,126.1903524513776,100384500
125.80939483642578,126.67872932371974,123.91443732593233,125.51635755772662,91951100
127.85088348388672,128.39787854041427,125.5066146974837,125.77033487541826,88636800
125.91686248779297,127.95833152822492,125.7703363715888,127.76297827778365,90221800
124.18795013427734,127.1964377514296,124.05120137461118,125.78987056372236,111598500
124.86192321777344,125.72149530988855,123.9925886807919,124.81308118444944,90757300
128.96441650390625,129.41374239946222,125.56522221027927,125.67266873501019,104319500
133.6920166015625,136.42700650318062,130.48817597250854,130.69330654954064,120150900
135.8409423828125,136.60283037919487,131.88497630652225,133.1157150150256,114459400
139.6015625,141.72117584234562,133.3696938895246,139.74808861764467,157611700
139.83596801757812,140.94949773337214,138.08752172506703,140.26575403148016,98390600
138.76153564453125,140.949530910091,137.1498526175353,140.09972112639457,140843800
133.9069061279297,138.6931420569465,133.52596212723918,136.28049175107478,142621100
128.89602661132812,133.56503857337148,127.18665987069943,132.67616429116572,177523800
131.025390625,132.2366043185905,127.88991734702876,130.64444666641413,106239800
131.85568237304688,133.14502563870852,131.48450079597174,132.57849082798725,83305400
130.83006286621094,132.61757406703313,130.5077233148007,132.60779671715912,89880900
134.199951171875,134.2097136169971,131.4649611835476,133.1352633782053,84183100
133.78416442871094,134.42980673641648,132.90375395585087,134.36133766383486,75693800
133.93092346191406,133.97983847702403,131.98421930396577,133.0700669616327,71297200
133.0504608154297,134.8797803676837,132.89395370825662,133.64718800889258,76774200
132.44403076171875,134.0092221240666,131.47556692700425,133.51030972734804,73046600
132.1896514892578,133.42222921972905,130.85924373219854,132.94288597227373,64280000
132.4244384765625,132.58096057062542,130.78100126920737,131.4266437121405,60145100
130.2918701171875,133.0505008941642,129.9005649144753,132.54182652078916,80576300
127.99299621582031,129.34297301716086,126.65281137358724,128.39407844328628,97918500
126.88761138916016,127.17129463248507,124.63765472953934,126.38869906477753,96856700
127.04407501220703,127.86580828634322,125.99736555402731,127.40603410767358,87668800
123.2583236694336,126.89738013381545,122.86702591113955,125.2245820305238,103916400
123.12138366699219,123.952886827179,115.81392393533027,121.06707954671161,158273000
122.62246704101562,122.82789668702961,119.57036091351185,122.22139224547901,111039900
118.35733795166016,123.70831567300634,117.91713263038818,121.96704845427313,148199500
118.62146759033203,122.13334806816741,118.56276807411227,119.92252202962122,164560400
125.00936889648438,125.14632198530556,120.11816582891734,121.05727592228418,116307900
122.39746856689453,125.91913329199494,122.28986150205843,125.61588108930245,102260900
119.404052734375,122.97463264092775,119.18883859473966,122.09421455304867,112966300
117.51602935791016,120.91052510957414,116.0388915667448,119.10078166524289,178155000
118.7779769897461,119.28666630320659,115.01175200979323,118.34755618226085,153766600
113.82809448242188,118.36713097393849,113.68135687696733,118.29865441984433,154376600
118.45515441894531,119.40404902510528,116.2052054457975,116.43998110747732,129525800
117.36930847167969,119.51165027406911,116.8508346932734,119.04209897356596,111943300
119.30622100830078,120.52902174116306,118.62145558325126,119.87360233956089,103026500
118.396484375,118.53343749171651,116.56717883169293,117.78019534977568,88105100
121.29205322265625,121.30183771867131,117.79973448364598,118.76819807777808,92403800
122.83769989013672,124.45179874134931,122.0061966829621,122.96486851035418,115227900
122.0452880859375,123.12135115398401,119.67794038017584,121.35073821962219,111932600
117.90733337402344,120.49967234787186,117.70190375225354,120.20619719483877,121229700
117.37908935546875,118.78775822996795,117.0758371529688,117.29105128250436,185549500
120.70511627197266,121.17467507978692,117.64322564652812,117.71170219523187,111912300
119.87361145019531,121.53661758792646,119.4823136932633,120.64642246770546,95467100
117.4769058227539,120.22576688443581,117.45734429535013,120.14750584805427,88530500
117.96603393554688,119.0127585740185,116.41063491697949,116.93888575254493,98844700
118.57255554199219,118.8366847131395,116.3323834208923,117.731267934474,94071200
118.7486343383789,119.91274312400247,118.10299937711603,119.00297900233532,80819200
117.29105377197266,117.78017409006814,116.27368261472802,117.49648340996671,85671900
119.49209594726562,120.83228085062457,118.51385530498492,119.00297562612528,118323800
120.32360076904297,121.47792504243581,119.82469594439944,120.96924318486211,75089100
123.16049194335938,123.41483658685715,120.3920692786332,121.17466473706477,88651200
123.46375274658203,124.36373236215869,122.9159403655152,123.74744343345849,80171300
125.11698150634766,125.13654303559613,122.417035203639,123.09202364516216,83466700
127.5234603881836,127.55280641553438,125.72350105241503,126.14413739562202,88844600
130.10601806640625,130.1451411281215,126.65282945773264,126.97565069226758,106686700
128.38430786132812,129.9592758997672,127.78758046970171,129.6364546951069,91420000
131.5048828125,131.7298889082425,129.05928119869824,129.5581934810451,91266500
129.15713500976562,132.06251145593788,128.79519068086032,132.0038193946852,87222800
131.57339477539062,132.06251520206493,130.73210704443997,130.90819815996355,89347100
131.24075317382812,131.7396504708216,130.37989673029497,131.37770625104787,84922400
131.90597534179688,132.5222717730815,130.4386142591335,130.60491339062307,94264200
130.21359252929688,132.58093272949054,128.94187690393258,132.08203545204475,94812300
130.59510803222656,130.83966815962773,128.44298189644934,129.47991444834784,68847100
129.06906127929688,131.23096454793503,128.55059497902982,130.14511693427332,84566500
131.3972930908203,132.17987368023367,129.2842896751612,129.2842896751612,78657500
131.78855895996094,132.121157141495,130.65379641815227,131.89616601007668,66905100
131.4657745361328,132.46358428625007,131.1918683187311,132.07227902798383,66015800
130.6733856201172,132.0820545207044,130.18426530334483,131.38749710310995,107760100
130.57554626464844,134.08744123271336,129.56795967816743,133.5004909237802,151101000
128.5995330810547,130.65382966034915,128.21801979298792,128.91256235309382,109839500
129.65603637695312,131.1527586179982,128.96149372877142,129.16691594936623,75135100
125.06806182861328,128.6288645532719,123.94308362244821,128.33538938179106,137564700
125.31263732910156,127.61149397563412,125.18546126388162,126.38869312319078,84000900
126.91697692871094,126.92675396385664,124.36376017580233,125.10722533308426,78128300
127.59307861328125,128.6219640145826,126.87773920490686,128.22021545550038,78973300
124.30059814453125,126.9365300969227,124.26140115764763,126.80915297265736,88071200
123.3794937133789,123.73225163919108,120.30259382458506,121.01792574395533,126142800
120.30260467529297,122.13502470718254,119.79305875777395,120.91994792228226,112172300
122.45838928222656,123.61467427312743,121.76265955967637,122.07622799062943,105861300
124.88853454589844,125.31969391364765,123.32069249416574,123.71265487611407,81918000
123.73224639892578,124.37898543365588,122.65435548376935,124.27119559453419,74244600
122.3407974243164,124.4377876927737,122.2722045641729,124.01642941587465,63342900
122.18402099609375,122.40939434000599,120.39079798085203,120.68477166324163,92612000
124.75133514404297,125.15309859736918,122.58575237959286,122.71314443848155,76857100
122.90916442871094,125.42751342260672,122.69358469384585,125.25113068281368,79295400
124.54557800292969,125.36869980376578,123.40889524832689,123.4774881087248,63092900
124.34960174560547,125.74106867528869,123.78125662475325,125.25111005560896,72009500
124.30059814453125,124.82974625336892,123.87923988060832,124.40838798944601,56575900
122.76215362548828,125.07472355131192,122.56617616440937,123.89884383271658,94625600
122.10563659667969,123.27172282529529,122.04684484601398,123.0463419876403,71311100
121.78225708007812,122.83075224575715,121.449093885405,122.56618191328505,67637100
122.54657745361328,122.72296016407643,121.5568815278501,121.78225486696007,59278900
121.05712890625,122.34079850429373,120.65536538181918,122.17421691048338,76229200
123.35990142822266,123.62447923898972,121.36089981512367,121.57647951987867,75169300
123.36968994140625,123.7812470760429,122.32119487398776,123.63426024908394,71057600
124.19281005859375,125.8782506142176,123.67346305813653,124.05562434058848,74403800
124.5749740600586,125.1825161645287,123.97723307167732,124.6533680366472,56877900
123.57546997070312,125.61366838929395,123.40888838700712,124.4671771062987,71186400
124.7905502319336,124.87874532211927,123.56567241757213,123.98703068475491,53522400
127.85763549804688,127.91642723799659,124.51617286716927,125.25109952078272,96906500
127.03453826904297,127.9752510907451,126.78956268498881,127.32851196033258,62746300
127.53426361083984,128.25939661171972,125.87824147519329,127.74984328807113,91815000
129.14129638671875,129.88603158210103,127.04430640625819,127.19130069845629,96721700
127.83802032470703,128.8669054535621,127.62244069051775,128.08299582245687,108953300
129.6410675048828,129.74885734783985,126.61317321470958,127.68126305266121,79663300
131.28726196289062,131.3852581408935,128.97469271192654,129.47445228677685,74783600
131.012939453125,131.6204890694468,130.55238415861209,131.08153979372707,60214200
130.72877502441406,131.9340507183845,130.25841113476253,131.74786688107946,68711000
130.43478393554688,131.19910646414033,130.1408102817522,130.7777556903275,70783700
132.07122802734375,132.53178329485237,130.66997494475694,130.72876668918406,62111300
133.59010314941406,133.74689113033088,131.6499004799743,132.09085359319357,64556100
134.2074432373047,134.6483963398724,133.13933822621914,133.43331194530575,63261400
134.5111541748047,134.56994590353588,133.03149255851818,133.85462161710942,52485800
137.14715576171875,137.18634528143556,134.98156473226965,135.12854412136403,78852600
139.16571044921875,140.27298973450715,137.25490420705506,137.25490420705506,108181800
141.66448974609375,141.97805072261244,139.79287267133577,140.65517657085456,104911600
140.3612060546875,141.16471813821977,137.84285005243268,138.73456470357425,105575500
142.19361877441406,142.72275942044914,139.7830526150671,139.88104882276198,99890800
141.5959014892578,143.37933109333952,141.105950273032,143.27154122768485,76299700
142.7129669189453,144.4963962387887,140.74336872639185,141.13532365605394,100827100
146.15240478515625,146.56397686036559,144.71194737828577,145.1235194534951,127050800
145.4958953857422,146.98535113045864,144.1338317300182,146.24063073416198,106820300
143.4478759765625,146.7501414566327,142.9481312599128,145.47628061590362,93251400
139.5871124267578,141.17456469301598,138.8227896494256,140.8609887063535,121434600
143.21273803710938,144.14365733248744,140.0868617606487,140.57681298890034,96350000
142.47776794433594,143.19310728596565,141.72325404739772,142.60516000969034,74993500
143.84967041015625,145.22152774257404,142.87956168443856,143.0069537767786,77338200
145.57424926757812,145.73103718743823,143.96721046930946,144.5845535586843,71447400
145.99563598632812,146.8187502561115,144.731553759334,145.29010519733632,72434100
143.8202362060547,146.21119973573445,142.6247544412148,146.12299718263154,104818600
142.06622314453125,144.0162339928002,139.67525927689903,141.89964155731053,118931200
142.7129669189453,143.604681578867,141.6742728984309,141.7820627469063,56699500
142.9285430908203,143.38909834548167,141.21371414962817,141.4782919442919,70440600
142.5954132080078,143.996666578683,142.33083535156817,143.41852770345864,62880000
144.39840698242188,145.06473338535233,142.26221214218597,142.87955539064197,64786600
143.9966583251953,144.8197727734675,143.3401254948741,144.310234278132,56368300
144.10443115234375,144.86875375710454,143.2323186955207,144.0260371733782,46397700
143.41744995117188,144.36938030633664,142.9169565067693,143.62354429564462,54126800
143.368408203125,143.96704478811583,142.8090348226229,143.47635955368153,48908700
142.88755798339844,144.95825044162723,142.59314382367126,143.7119056510136,69023100
143.14268493652344,143.98666406649497,142.81883091257257,143.32914770557306,48493500
146.11624145507812,146.27326431640063,143.12305867466128,143.46654431198874,72282600
146.3223419189453,146.6560042822418,145.5078026382922,146.19475896699817,59375000
148.30470275878906,148.37340588044512,143.74133599773583,145.77276511297995,103296000
147.3920135498047,148.85424577061949,146.3125001875388,147.43126177455844,92229700
143.63339233398438,147.91216847248862,143.42729793250948,147.00930937577087,86326000
143.96701049804688,145.24279479861465,141.80799897567445,142.3281240023294,86960300
145.42929077148438,145.7335132179683,144.04555482987226,144.6932629269492,60549600
146.9209442138672,147.39199773297793,145.13484320151846,145.54701690255555,60131800
146.83265686035156,148.04956173285944,146.37141150401135,146.6658256638388,48606400
145.5961151123047,147.51960771111226,145.04655007679514,147.01909921664708,58991300
144.7913818359375,146.34194886069025,144.76194192197897,145.58630443638947,48597200
145.83163452148438,145.9788340786454,144.0946048743713,144.7324895880992,55802400
150.26747131347656,150.6305886419169,145.84149500867562,146.22422896874022,90956700
149.00148010253906,149.953410655414,148.4715316635546,149.81601938873746,86453100
149.66880798339844,152.0927942907588,149.50197679710354,149.98285372785378,80313700
150.78758239746094,151.83765609727,149.56086918246524,151.00348512126232,71115500
151.4254608154297,151.74931485528106,150.2379960026413,150.89551239584583,57808700
153.77093505859375,154.33030841689003,151.5137800748948,152.08297672118582,82278300
152.22036743164062,154.11440516674327,151.11141405800635,154.05552533708556,74420200
151.19973754882812,153.20172648114232,151.08196292373444,152.59328165383056,57305700
146.19479370117188,152.58351153780956,145.92981942052876,152.11245779685498,140893200
146.76397705078125,148.5991352912595,145.97887757145793,147.8238591016887,102404300
145.36056518554688,148.25561957289722,144.17311549895538,147.5490317533872,109296300
146.25364685058594,146.6560123561671,143.64319768326396,145.79240150994914,83281300
146.0181121826172,146.19476666188248,144.47736826246071,145.67464148744824,68034100
143.33895874023438,146.04755063760766,143.04454462427765,146.04755063760766,129868800
140.27711486816406,142.14171300384132,138.63822777586256,141.12109417657655,123478900
140.75794982910156,141.90616637912737,140.1200650564419,141.24863503100102,75834000
143.13287353515625,143.7020551685205,141.02291826849162,141.7589460412651,76404300
144.09461975097656,144.33996235458966,142.92678656185444,143.9179652896226,64838200
144.18292236328125,144.7226790220036,142.8482581592234,142.94640117881744,53477900
142.66180419921875,143.24082409127374,141.14069212341911,142.75994722486152,74150700
139.2662811279297,142.05336955149633,139.05037843565805,140.58131390847566,108972300
140.16912841796875,141.75894358779652,139.3840291456937,139.81583449417113,74602000
138.86392211914062,141.69027387708846,138.64801941682376,140.9836859376015,89056700
139.99249267578125,140.25746689766834,136.51844777297612,139.2564648173922,94639600
136.54791259765625,139.5607277020149,135.69412491802984,139.11909892680194,98322000
138.48118591308594,139.59013932235956,136.76378761176298,136.89137056313777,80861100
139.35459899902344,139.50179857153668,135.79221959896122,136.87173304580557,83221100
140.6205596923828,141.53324196194288,140.06118634451136,140.39484869057674,61732700
140.23782348632812,141.49397639424066,139.90416114584096,141.34677682476803,58773200
140.14947509765625,142.11221548689483,139.16810490303698,139.619541781351,64452200
138.8737030029297,140.58129268183015,138.41245777313225,140.56166108335393,73035900
138.28494262695312,138.76580466433404,136.60679221766168,138.60879674013316,78762700
141.08180236816406,141.19957699805144,138.87371898295444,139.46254720881987,69907100
142.1416778564453,142.2005576815035,140.83645349440351,141.09161936901995,67940300
143.81983947753906,144.1044303133813,140.4929943196034,140.77758515544568,85589200
145.98867797851562,146.39104349887026,143.81985744353068,144.27127951188243,76378900
146.4793701171875,146.96024710120312,145.3606082340626,145.9298049780422,58418800
146.6952667236328,146.85228960669923,145.1152595272771,146.03775024713434,61421000
145.9199676513672,147.38219996847627,145.87089613630118,146.90133805459163,58883400
145.8708953857422,146.5872915835432,144.86989338673706,145.91014361287867,50720600
146.53823852539062,148.02991078440542,146.23400111612685,146.54804683877686,60893400
146.07699584960938,146.9405916533393,145.72370189255298,146.57748938272076,56094900
149.72767639160156,150.31648959684864,146.93076499947935,147.0289080209485,100077900
147.00927734375,147.14666858995494,143.68243254858814,144.47734011409685,124953200
146.18495178222656,146.9111563462423,145.0465584432789,146.214391698361,74588300
147.22520446777344,148.7463317156188,145.8807167195942,145.89054000814804,69122000
148.66778564453125,149.138839175091,147.02889911205486,147.5882723718717,54511500
148.14767456054688,149.59027519786,147.83362886091194,148.7561193854356,60394600
148.6783905029297,149.5825671827827,147.47937001529485,149.2779007467471,65463900
147.8528289794922,148.96340074214248,147.5776454448072,148.80614872335738,55020900
148.2164764404297,148.8258093306056,147.47937439726354,147.61696617879937,56787900
145.3761749267578,147.54817551221967,145.30738653523977,147.4400666143663,65187100
145.3270263671875,146.86019613669237,145.14029146001317,146.39829267733833,41000000
147.41058349609375,147.81352120891913,144.9437391025949,145.8773986754407,63804000
147.42042541503906,149.26809954574952,146.86022060019894,147.7840576655542,59222800
148.40321350097656,148.88479224149762,146.77175735607312,147.36144499767522,59256200
150.85037231445312,152.3343988008495,148.39336588218137,148.40318850921466,88807000
155.15505981445312,155.94130498570996,150.41795852638504,151.06661191740037,137827700
157.7889862060547,158.250904703225,153.83811490964536,154.9388492026231,117305600
158.25088500976562,162.85039415850727,158.23122475801478,158.89952335376228,117467900
158.63418579101562,159.01747824025801,156.32459347097884,158.34916461294523,96041900
159.1550750732422,159.35163261820963,156.89462581516804,157.9855374355737,69463600
154.11328125,157.69068229853394,153.67102305648032,156.82582616349364,76959800
157.4842987060547,158.41795820454487,156.05922289657292,156.62925022109002,88748200
162.457275390625,162.6734931658107,157.1697925187928,157.23859590016,174048100
161.9364013671875,167.3712989739356,161.7005233258962,164.59978822518326,152052500
160.94378662109375,161.3762222672704,155.08629013119497,156.01012719413941,136739200
159.05679321289062,162.1231479856483,156.97325618498053,161.19931100266786,118023100
162.47694396972656,164.9929163957049,161.45482079893625,161.46464342690166,107497000
168.2361602783203,168.62929035916358,165.44500418803963,166.17228359031526,120405400
172.06910705566406,172.93397827343048,167.7644262171737,169.16984194604416,116998900
171.5580596923828,173.71040029059532,170.92906648071906,171.9020466816097,108923700
176.36390686035156,176.54081910970555,171.6857723262979,172.19683382886083,115402700
172.71774291992188,178.99785124666644,172.5113477652422,178.00521097357498,153237000
171.33200073242188,174.68336162152622,169.24846375567876,172.23617743924208,139380400
176.216552734375,176.41311030368223,169.34675546368476,172.0986064231299,131063300
169.2975616455078,178.02485307706942,167.8135351956214,176.19683973657683,150185800
168.19686889648438,170.48680119696434,166.77180785012712,167.0076709220657,195432700
166.83078002929688,167.6465081759867,164.5801681519043,165.38605867263166,107499100
170.0150604248047,170.22144061319776,166.21160342137523,168.60964463381248,91185900
172.6194610595703,172.8356788475582,169.18947432865244,170.06416810864746,92135300
173.24844360351562,173.80864829178057,172.25581836202977,172.82584567773912,68356600
177.2288055419922,177.3172541822936,174.02487426792013,174.04451952373478,74919600
176.20669555664062,178.21162153170226,175.45977087759823,177.0617441326432,79144300
176.295166015625,177.52366948045372,175.076485179818,176.2460228777558,62348900
175.13543701171875,177.46468959324108,175.02732811556052,176.38360063165865,59773000
174.51629638671875,176.1477376000055,174.21161492875567,175.02734303358918,64062300
178.87989807128906,179.7349465415521,174.65385883537695,174.77179035001552,104487900
176.60964965820312,179.79393593953884,176.0396222685355,179.4892694890775,99310400
171.91184997558594,177.07156425536837,171.6366664137079,176.5211971316123,94537600
169.04208374023438,172.28533602057317,168.68827412789958,169.73004270966848,96904000
169.20912170410156,171.14524402422893,168.08872734087262,169.91674077523325,86709100
169.22877502441406,169.53344141826716,165.27790453846367,166.17225846623543,106765600
172.06910705566406,172.16737833271398,167.8823727445654,169.3565768677328,76138300
172.5113525390625,174.13297095610363,171.8135710369917,173.09120251884048,74805200
169.22877502441406,173.58258316228603,168.83564500300932,172.75703261190145,84505800
170.0936737060547,170.79145523828697,168.14771352583708,168.39341420548664,80440800
166.87986755371094,169.5727368069087,166.49657517844096,168.56045143128856,90956700
163.37127685546875,168.13787560571404,163.08627069140266,167.07644696659617,94815000
161.6808624267578,166.76195044943782,161.3565357449214,164.10838623013277,91420500
159.61697387695312,163.46955826967317,159.50886499109,161.5924017044035,122848900
158.84059143066406,159.50890516515202,152.03959752482095,157.26811587232896,162294600
157.03219604492188,159.960943553215,154.31966630533267,156.24595097657829,115798400
156.9437713623047,161.5629412237311,155.10593504422843,160.6882473882618,108275300
156.48184204101562,161.02238556956317,155.55800513342504,159.65629046052865,121954600
167.40077209472656,167.42043234611594,160.00026956448573,162.86022878833853,179935700
171.77426147460938,171.99047927683918,166.5948868425434,167.2337176205423,115541600
171.60719299316406,171.83323343223077,169.3467436133565,171.0175053301255,86213900
172.81602478027344,172.8553452866124,170.34919537896823,171.74477342641566,84914300
169.92657470703125,173.20914700397037,169.1599898283705,171.47940471663034,89418100
169.64122009277344,171.32396054369477,167.9584796418521,168.9425345214472,82465400
168.9228515625,171.1763304609041,168.22416604358875,170.1037143263292,77251200
172.04229736328125,172.55401004838063,168.69650213361186,168.9917215679186,74829200
173.46917724609375,173.83327271357754,172.11117683042102,173.24284884864312,71285000
169.37550354003906,172.68192819387235,168.8146001247778,171.36329839541398,90865900
165.9509735107422,170.32017850486096,165.36053472189508,169.58213752654314,98670700
166.18719482421875,166.8760302449342,163.90418026929203,164.70126232865465,86185500
170.03482055664062,170.19227292675632,167.5353279968633,168.24384864689935,62527400
169.7986602783203,170.57605697053586,167.33852325607717,169.1098249151892,61177400
166.18719482421875,169.1688799431976,165.7837287151261,168.3029068340204,69589300
164.6323699951172,167.82069791691148,163.54006857345092,167.1121922796674,82772700
161.69992065429688,164.03212613943992,159.56450814551414,162.34938552584524,91162800
157.51763916015625,163.5006783752974,157.2027344564737,162.90040442244992,90009200
160.14508056640625,160.25332719300383,149.57632680623354,150.14708038143124,141147500
162.22146606445312,162.48715009234238,158.30491651486224,161.22756094554026,91974200
162.4871368408203,162.78235630766343,159.84002681342048,160.45998619224247,95056600
160.59774780273438,163.94354328714707,159.3873645469528,162.07383007117033,83474400
163.90415954589844,164.69140636238802,160.35172123734418,161.76876250392863,79724800
163.5794677734375,166.21674313187614,162.9103175427147,165.78375650470798,76678400
160.56822204589844,162.9102773059474,159.51529120397137,161.86718160657645,83737200
156.7599334716797,162.38872815867046,156.5040696124171,160.75519357831982,96418800
154.92959594726562,160.28285666328267,153.3157466151268,156.28759642734667,131148300
160.35174560546875,160.80441747377364,156.8681978086355,158.90518367729157,91454900
155.9923858642578,157.83256370946663,153.49287802702014,157.64559087729302,105342000
152.26278686523438,156.7402389691296,152.03645847766137,156.39581380133617,96970100
148.2183380126953,151.66253001815127,147.70664029732,149.035105347276,108732100
152.6170654296875,153.08942257610076,147.98217542358523,148.4938731423045,92964300
157.04531860351562,157.44878471807237,151.99712715402308,154.54582575293017,102300200
158.05889892578125,158.43284460620507,155.11658427872035,156.0809539111175,75615400
161.36529541015625,161.85732279036876,157.212583119924,157.95062419024276,123511700
162.74298095703125,163.69751527513725,160.410760966115,160.90278834594352,95811400
166.12814331054688,166.71856719819857,162.28048532842047,162.87090921607214,81532000
167.49598693847656,169.88723307812018,164.9767938445975,165.31138391398235,98062700
171.29444885253906,171.36332488957797,167.49599622256298,168.33243390367338,90131400
171.9340362548828,172.4851044775775,169.99544731866433,171.1074339208408,80546200
172.80003356933594,172.92795048627315,169.25743018713217,169.42471770580778,90371900
176.10647583007812,176.1556665638957,173.52824171831267,173.87266694795463,100589400
174.9354248046875,176.7460820205957,173.88247896845155,175.7029863422026,92633200
171.82582092285156,175.19128676604245,171.61916279397346,175.00431393883977,103049300
171.5305938720703,172.09151232886626,169.1983887454629,171.25505972274473,78751300
175.59474182128906,175.6439475646401,171.6585226009615,171.78645453057726,76468400
172.2686767578125,175.45702056439,171.63888211872802,174.66977351166227,73401800
169.09014892578125,170.86145068243167,167.4172586616336,169.61169680197753,89058800
169.39520263671875,170.59575076458447,167.14172361896223,168.4308330803216,77594700
167.37789916992188,169.04095440141643,166.50209088425444,169.04095440141643,76575500
163.10707092285156,166.33476922464124,162.8610572412183,166.0198795202021,72246700
164.98663330078125,167.1613860255376,163.98289318870957,165.34089363354275,79265200
167.68292236328125,168.31271679879137,164.1108138532633,164.72092298955894,70618900
162.65440368652344,168.53906192676106,162.40838999801636,167.89941732735232,75329400
162.4379425048828,163.9435452353402,160.9618602189061,161.30627040967605,69023900
164.73077392578125,165.14409017149563,161.2964321500132,162.3887336211493,67723800
164.56349182128906,166.18719136722032,163.45152002793873,166.06909457220715,67929800
163.76638793945312,168.7949082587247,163.2645254279015,166.2166896462883,87227800
159.210205078125,165.19325952257165,158.92483581876152,163.8057537918965,84882400
160.28285217285156,160.5682214607871,155.9333317168137,158.55090609825874,96046400
154.29978942871094,159.75144619433357,154.22106324602348,159.66288486961668,95623200
154.073486328125,157.24212936237095,152.90245856859522,153.4240064759593,88063200
161.03073120117188,161.89670425341123,156.3958263617354,156.71073111363518,130216800
155.13624572753906,163.54991794930683,154.7426297819827,159.25943807460507,131747600
155.44131469726562,155.70699870242646,150.8260949299853,154.21124610323508,123055300
156.93707275390625,158.14747110367338,153.82747065183054,155.62827792248643,88966500
163.37277221679688,163.82542898874118,156.7205525613251,157.12401860863298,108256500
154.27029418945312,161.46373326041538,152.47930702556806,161.23740483289234,130525300
154.99954223632812,157.12822726592017,151.94448418251287,153.74795219056614,116124600
149.855224609375,153.5705662251753,149.29349706523496,152.68360662844097,131577900
152.26971435546875,154.46739183893223,150.71262137734965,153.26507972972064,115366700
144.3758544921875,153.1960828683304,143.6958565940324,151.27435948498825,142689800
140.4929656982422,144.08018734631574,136.78748878802156,140.69992744454566,182602000
144.9770050048828,145.95265608735048,141.03500230205145,142.49353909158592,113990900
143.42974853515625,145.38105052063565,142.08946713795373,143.43961316503615,86643800
147.0760955810547,147.59840962723905,144.55320174589355,146.7016005903777,78336300
138.77822875976562,145.22339732349553,137.8715547980024,144.72079733304852,109742900
135.35853576660156,139.6060416476657,134.6194101946053,137.85185149313176,136095600
135.5950469970703,138.65995498562737,130.68725738522548,137.07329814838306,137426100
141.03500366210938,141.18282274987226,135.65416330433425,135.79213279876197,117726300
138.32485961914062,139.9115161270146,135.33879411636306,138.76833186496543,104132700
138.4825897216797,139.73416502899576,136.3341899549977,136.4228814263728,92482700
141.69528198242188,142.2471599393567,135.1515582804655,135.3979334424933,90601500
147.47032165527344,147.50973506608682,143.15382385017716,143.28194375102797,90978500
146.68190002441406,148.47551826509655,144.710898900611,146.90857598068396,103718400
146.55377197265625,149.53983699942282,145.53869272007623,147.72650482409927,74286600
149.01756286621094,149.07669050037924,144.73062893844732,145.68656579095972,72348100
143.27207946777344,145.82452236693706,142.36542073655667,144.77002952584698,88570300
144.02105712890625,146.41583140720172,142.799030970996,144.89815206168706,71598400
146.55377197265625,146.83956047383816,142.01061450011832,142.2569896015845,67808200
145.81468200683594,147.69697680968412,145.32193168448424,146.42568759453718,53950200
140.5718231201172,145.80482957531117,140.46341743862806,144.9474487547002,69473000
135.14170837402344,138.71906549283727,135.07271611079338,138.2460293933542,91437900
129.9678497314453,133.23970455320375,129.53422697538784,130.94348589502584,122207100
130.8350830078125,131.9487037426672,129.5736431654767,131.1997285355144,84784300
133.4663543701172,135.34866434133303,130.24377786500034,132.3428841585756,91533000
128.1742401123047,130.4704589325547,127.16902501936201,130.16495607037353,108123900
129.65249633789062,131.1504619203318,127.92786975836931,128.1841096170733,134520300
133.89996337890625,135.07271151353063,131.3869488476208,131.48548988632155,81000500
133.38751220703125,135.7625572241762,131.96838893721528,132.83561923956722,73409200
136.26519775390625,136.58055018558431,133.66347628298064,134.83622462315083,72433800
139.60604858398438,139.85242378689094,137.74345265151274,137.87155753149082,89116800
139.60604858398438,141.40951687376628,138.92605061795442,140.6309628115541,70207900
135.44720458984375,141.34049395514106,135.328949330103,140.06920480029078,67083400
137.21124267578125,138.6303659287056,134.6883635761582,135.46691746181185,66242400
134.73764038085938,136.36371032139607,131.83041667995218,135.25995448479154,98964500
136.91561889648438,137.024024585963,133.6930421082137,134.06752218659983,71051600
139.50746154785156,139.5567395850138,134.9445889899598,135.77242091666662,73353800
140.8477325439453,142.03033016068872,139.03441519576913,139.30050454673838,74064300
144.22802734375,144.42512446788226,141.20253310502923,141.21238269809453,66253700
144.90802001953125,145.41063501342293,142.89760515660754,143.15382993164704,64547800
142.76947021484375,144.51381052529135,141.6952781464939,143.5578737194986,63141600
143.74514770507812,146.2975911754457,142.94689446077814,143.64659160977368,77588800
143.3804931640625,144.32656535504097,140.05934579014044,140.91674157030096,71185600
146.3173065185547,146.7903426970183,141.1729910854223,141.9909585625348,78140700
147.99264526367188,148.67264318460957,146.05120759050547,147.6083005741264,76259900
144.9376220703125,149.37237604349056,144.57297651809492,148.55440850615395,81420900
148.81057739257812,149.0372382999484,144.77988390532624,145.77523400946922,82982400
150.82102966308594,151.49117799927419,148.18974443892895,148.92887000877803,64823400
153.09750366210938,153.31431496799257,149.73694345846363,152.25982224960214,65086600
151.85580444335938,154.01405345612082,151.1856711624816,153.13695840464973,66675400
150.73231506347656,152.79200772624299,150.07203146028309,151.77694330248553,53623900
149.40188598632812,150.87027214829726,148.613482556807,150.05230490595423,55138700
154.5166473388672,155.04882613514658,149.95378934695273,150.36769783431046,78620700
155.0685272216797,155.35431578247076,152.17115301810267,154.70388176992367,81378700
160.15371704101562,161.257488076031,157.1873652790473,158.90214195015406,101786900
159.168212890625,161.2180561543135,158.55720726769144,158.6754625398599,67829400
157.68997192382812,160.0551827813026,157.31549185882793,157.77867842117527,59907000
163.72125244140625,164.17457438761855,158.41925333428367,158.50794479712317,82507500
163.40586853027344,164.76586430720064,162.04587275334626,163.60296566260632,55474100
163.1788787841797,163.67231353700947,160.85972942250632,161.0669786444056,56697000
162.70516967773438,165.60656841764427,162.04396891961866,164.18547392802034,60276900
162.75453186035156,163.6427235312398,161.10646144310655,161.86635524789833,63135500
167.017822265625,167.11650019395563,164.7085358778416,165.4782929876242,70170500
166.27767944335938,168.74485366768013,165.9816155247536,167.82705702584587,57149200
169.8402557373047,169.9093287754835,167.17569590306383,167.59019436587388,68039400
170.91592407226562,171.11329495244684,169.10008788110582,169.2678538821815,54091700
170.75802612304688,171.4291052045612,169.406019744618,170.51130875130826,56377100
172.25808715820312,173.83706944158646,170.3040896179902,170.50146052110878,79542000
171.8633270263672,172.60347919281742,170.84685258911696,171.46858522763415,62290100
169.2678680419922,171.45871962967124,169.06061881248345,170.75803562921558,70346300
165.36973571777344,167.62966033417896,164.94537398602955,167.4618943197239,69026800
165.03419494628906,166.49477276056035,164.46180878530728,164.88617053329148,54147100
165.33026123046875,165.90264739975865,164.06706935977206,165.12302704926418,53841500
167.79742431640625,167.9059805666135,166.13949074062336,166.56383740879377,51218200
161.47161865234375,168.8040684970926,161.41240887853596,168.33037524819332,78961000
159.26101684570312,160.76104775775735,157.72150271792214,159.0340260013609,73314000
156.82345581054688,160.42552392043874,155.64907854678992,160.00117720950024,77906200
155.15560913085938,158.47149093553722,155.07665777141085,158.20503197970243,87991100
155.8859100341797,156.33986156326952,152.6391010050158,154.5832350896264,74229900
153.76414489746094,158.2544044411162,152.93517807481416,157.65241340262483,76957800
152.50094604492188,155.0273296121399,151.6719792603848,154.4154753271388,73714800
153.91220092773438,154.61286996329966,151.59305117128892,152.78717010211398,87449600
152.43186950683594,154.3069155323693,150.6752279441013,152.60949878868428,84923800
155.3036651611328,155.74776853082003,152.71807161072002,153.42861893209738,68028800
161.28408813476562,162.10319169268726,157.20832701154205,157.49451256385936,104956000
151.82000732421875,158.4320302699307,151.35617743298022,157.80043436290458,122656600
153.2707061767578,155.0372110898694,151.59303096684667,152.75752979849568,87965400
150.36932373046875,153.2016498653033,149.39233241450626,152.61938532747467,90481100
148.7212371826172,149.36271142090462,146.4218293394224,149.22455028716234,162278800
152.4516143798828,152.530565756339,147.142266074514,147.34950026158054,81474200
154.83982849121094,156.00434240653766,151.06999458899193,151.3857850189289,107689800
151.7016143798828,156.6557045846627,151.58319483232563,155.27407794326896,101696800
150.73446655273438,152.44174672656402,148.92849339656019,150.37919289810281,86652500
148.4547882080078,149.48114103515752,146.60934685596038,149.20481874902532,96029900
148.7903289794922,151.750937683408,147.67516154898482,147.69490315670595,93339400
149.767333984375,152.68847479986027,147.98110231146464,150.734477091982,84442700
147.87255859375,148.66205739939247,142.93820988153112,145.70144817206113,146691400
140.60914611816406,144.79347774230442,138.83277820893315,144.18162354073726,128138200
136.3853759765625,141.2210460611346,136.18800506786133,139.42493615755308,124925300
140.57958984375,141.19145931529042,135.8820953561044,136.39527183139853,114311700
144.181640625,144.30006014683647,142.36578929238382,143.12568302717952,87830100
144.4777069091797,145.44484998263232,141.13221948664446,142.17831393701783,79471000
143.52044677734375,145.60274235287363,143.31321258240413,143.895462065149,68402200
138.25054931640625,141.2210362492612,137.61895341738395,140.66837666148692,85925600
138.5762176513672,140.02691706572585,136.7505180551927,138.5762176513672,74899000
137.15512084960938,139.49401183769913,136.40510543994947,138.06303899554518,77033700
136.5235595703125,138.5170407104307,136.34593024080016,137.30319511678357,70433700
141.1124725341797,141.70458518782445,132.60564736672077,133.2175166847836,113224000
136.56300354003906,142.62238154840435,136.37549592938134,142.41513233177395,88598000
140.5400848388672,141.0236412417774,138.4281847753723,139.21768336307096,85250900
141.86251831054688,144.77378089201514,138.7637480781357,143.5796769966995,99136600
141.97108459472656,143.04676902151695,139.64207135355937,139.82957901773042,61758300
141.50723266601562,143.97440668910568,140.77694373414428,141.14209572929755,64522000
145.33628845214844,145.90867462024406,140.7769407155068,140.99405322955806,86548600
147.48765563964844,148.2574127069579,144.08295860217441,145.25733581108966,75981900
150.33970642089844,150.4877458912043,147.39883932372416,148.11924989222194,74732300
147.38894653320312,149.99428106943935,146.09613500854059,148.97780682232195,88194300
142.8987274169922,147.09292340264514,142.23752656273683,146.12579536819774,109180200
153.695068359375,155.4319533375391,145.87906336998515,146.25406355734995,164762400
151.3265838623047,152.2147755550462,149.92523080942135,151.1489545588176,97943200
148.67189025878906,153.40886706506188,147.17185939924275,153.0437301537615,80379300
143.12567138671875,150.17191847315308,143.0960665086674,146.99419772256186,93604600
137.05642700195312,140.9249532404364,136.92812916133795,140.19466446387372,97918500
136.78955078125,141.03023754059535,132.83552430474884,140.456901891493,140814800
137.3233642578125,137.5507166007932,134.11071712478324,135.53416934476445,83374600
137.8966827392578,139.80449340378325,135.90978972981833,138.79622744381308,89908500
133.3198699951172,136.95758184489978,133.04308937521566,136.90815350204326,74917800
145.18197631835938,145.18197631835938,137.8966866598679,139.61669377296678,118854000
147.9794464111328,148.28588106740983,142.71070401695297,144.1440507641814,93979700
146.57574462890625,148.55275765609238,145.7355080589872,147.25781653663145,73374100
148.31553649902344,151.82473825025608,146.85255082741247,150.47048891741846,89868300
147.0799102783203,148.14749936078283,145.59715017769167,147.4160140311921,64218300
148.98773193359375,149.73899160011717,144.47024904717685,144.747029718181,80389400
149.55117797851562,150.9449761011956,148.24635692578445,150.55945907613687,74829600
146.30886840820312,148.6417447784354,146.02220810744817,148.43416682216127,58724100
148.4539337158203,148.69118076144065,145.24128683803002,146.42750698271593,51804100
149.33367919921875,150.08493868405768,147.62355215137268,147.7322884660715,58301400
146.40771484375,147.16886915801885,145.4290878682615,146.6054131493823,35195900
142.5624237060547,144.95460787890806,141.73208177830335,143.47184797217477,69246000
139.5474853515625,143.14564904140522,138.73691772229893,142.6316213475949,83763800
146.32862854003906,147.01070049689147,138.93460350915308,139.77482505617792,111380900
146.60543823242188,147.41602103263662,144.92497972191345,146.50659660440166,71250400
146.1111602783203,146.29897894842466,143.9759823709456,144.28243209151336,65447400
144.9447479248047,149.18543519719876,144.0946315261712,146.07164500360574,68826400
141.26747131347656,145.6070143612091,140.28884442227303,145.37966208348357,64727200
139.3201446533203,141.72220883121116,138.3909458890047,140.55577809875786,69721100
141.01046752929688,141.87047857115377,139.47829428917862,140.7238072376209,62128300
140.526123046875,143.89693468072133,139.28059488984613,140.70404702164143,76097000
142.829345703125,142.83922534059286,139.43875970806542,141.05991017433828,70462700
143.79806518554688,148.24634516014598,142.58220621584587,147.78174582279246,93886200
141.56405639648438,144.97440162134333,139.53761456960953,143.67946020964052,82291200
134.93118286132812,140.17027209900087,134.46658344260476,139.48819997009136,98931900
132.9640350341797,136.06794556798988,132.1930009902241,135.11898755239025,160156900
130.8486328125,133.64610870665976,129.81071279854106,133.55714671976315,79592600
130.77943420410156,131.7185125149171,128.39712953221752,129.87988952300458,77432800
133.89321899414062,135.2375886040089,131.224254130209,131.45160643001654,85928000
130.71022033691406,133.0134424692819,128.802409885042,132.80586453500828,77852100
130.3445281982422,130.89808968185514,128.15004154290577,129.4153292435694,63814900
128.53550720214844,129.8996510860134,127.24056601774359,129.86999709579138,69007800
124.59138488769531,129.52403118980348,124.4233405593597,128.17966147970347,85438400
128.12034606933594,128.9803420184741,126.26195630324504,126.51896259932623,75703700
128.43667602539062,128.4564503839377,125.9654166682795,126.93415661096817,77034200
123.63252258300781,129.39551044224086,122.74286511723291,128.7826411649236,112117500
124.90770721435547,127.18127564102066,123.64241984503863,125.43161455867813,89113600
123.58309173583984,126.30148488412831,123.32608545003059,125.66884126386319,80962700
128.13023376464844,128.79253144434853,123.45460129199294,124.5617315121944,87754700
128.6541290283203,131.87667022454877,128.39712274020837,128.9704583829939,70790800
129.2274627685547,129.7513700565325,126.64745995571087,128.76286346285156,63896200
131.9557647705078,131.9755240444425,128.9605906771462,129.74150433319187,69458900
131.8766632080078,132.71688473025435,129.92930408672314,132.34126249583184,71379600
133.21115112304688,133.36931580754018,130.14678954891528,130.51253218381837,57809700
134.37759399414062,135.7120688975574,132.5883994032112,133.28035102906594,63646600
133.65602111816406,137.01693845760192,133.47808203740297,135.24751778921137,69672800
133.7152862548828,134.6840184578663,132.23252641864943,132.5389610381249,58280400
136.28541564941406,136.43370070636414,132.67737218152695,133.72518688361293,80223600
139.48818969726562,141.67279627654958,136.3150763566329,136.5325490508029,81760300
140.89186096191406,141.514625019409,138.6874952095744,138.69737484670043,66435100
140.2295684814453,140.79300948686725,137.21461987031523,139.2707157250627,65799300
142.30545043945312,142.59211078456946,140.26911369162724,141.52452159398862,54105100
144.25277709960938,145.53783884062292,141.43554202324185,141.51462437013356,70555800
141.3564453125,143.87714018615392,141.208175354279,143.29392490593287,64015300
142.63162231445312,142.68105066516867,140.64472931637368,141.05990031223737,65874500
143.75852966308594,144.9249754734958,139.69578139358237,142.31531825228282,77663600
149.08656311035156,149.4424109834998,146.46701173795722,147.18861728641792,118339000
152.72425842285156,155.57116204732878,146.13092169771272,146.32861998643196,154357300
149.98609924316406,151.34036351523568,149.0470210083263,150.8164562342184,69858300
152.87255859375,153.4458943027817,148.9086520667493,148.9086520667493,83322600
150.17393493652344,152.80336635897712,149.43255491704016,152.11141469080906,64120100
149.13600158691406,152.55624141902396,148.6911765868534,152.0125597152097,56007100
149.50228881835938,149.82899586326752,147.73016708482578,147.96777632833437,57450700
152.31394958496094,152.71984461594153,149.413195193509,149.44289446147238,62199000
151.67042541503906,152.2347417014366,149.35379194828116,150.60120648274088,61707600
153.7791748046875,153.94747569846558,151.3536388197947,151.58133825179516,65573800
152.17535400390625,154.76919088525318,151.8189476677602,151.97733873436857,68167900
151.0269317626953,151.47243590583543,149.34390771836374,150.8289315997935,59144100
146.99757385253906,149.78942626925934,146.92828058675818,148.7004026088836,58867200
147.42327880859375,148.4528887502369,145.69075089528818,147.3836697109664,51011300
147.9083709716797,148.83898834448985,145.7699480861059,148.591484366889,48394200
145.24525451660156,145.72045796846467,144.26513323484133,145.64125487541327,55469600
146.44314575195312,147.68066559008122,145.97783708430148,146.23525087875586,44998500
145.9382781982422,147.5916032868755,145.36406704246494,145.58187179487862,50547000
143.8592071533203,145.76003585720164,143.5621993638043,145.36403554214274,55479000
144.45321655273438,145.24523225541392,142.46327502261613,142.93849350808966,52238100
149.52212524414062,149.60132834219667,145.85906882111533,146.56197176838737,70732300
152.29417419433594,154.73951510110595,151.92787308169673,152.25456509183923,87558000
150.08641052246094,152.49214181283335,149.62110185942342,152.16543476603405,56182000
151.34371948242188,151.93773504020743,150.31410963622918,151.28432094793195,47204800
149.0864715576172,152.99703083776646,148.7300652752538,152.02681961050465,53833600
147.01736450195312,149.43300577006005,146.13625093512175,148.7102983763868,68572400
148.96771240234375,151.61105337476013,146.2253637849075,146.33426615185107,84457100
151.0665283203125,151.86843881288326,148.60139830336453,149.7696098588517,73695900
151.46255493164062,151.71995365613,148.42319852737018,149.68052309089944,77167900
154.29397583007812,154.89788610113325,150.1260024664939,150.64081493684654,76161100
153.45248413085938,155.17511745555205,152.7396713831552,154.52170325241562,98944600
155.82850646972656,156.24432646768744,152.6109545912959,153.5217825705538,73641400
157.6897430419922,157.80854012474336,154.97709383642948,155.7493201936468,73938300
156.25424194335938,160.52120889186565,156.23443739167243,157.70956681019078,75701800
157.3432159423828,159.93706781022715,156.10569609721924,157.24422341863578,67622100
158.65005493164062,158.73915274100096,156.27402271003157,157.27393337455686,59196500
156.69970703125,159.16485192823146,156.2937969084943,158.34313696257095,52390300
156.07601928710938,156.90764422361815,154.4226943488484,156.39283166414998,45992200
159.1648712158203,159.44207447801494,157.75905035570605,157.77883979840226,51305700
160.73898315429688,160.8478855082498,159.65986944195512,159.9172681392784,49501700
163.2536163330078,163.35262396586768,160.29347845168977,160.8181856716707,68749800
164.51095581054688,164.62975289569243,162.58042764470542,162.62993146566447,56976200
163.97633361816406,165.1742443629799,163.461521135219,164.93665022196166,46278300
162.12501525878906,163.40214436262949,160.18459235196994,163.09524181864398,51511700
163.0160369873047,163.3130448064106,160.38259082111486,160.80829044689202,45390100
160.4122772216797,160.4122772216797,158.48174921205518,159.80836691031573,47716900
159.19459533691406,160.73901806921322,158.90748220210756,160.72912334632053,47644200
158.5015411376953,160.44196371360533,158.18472881957942,159.61035403821532,50133100
163.9070587158203,164.1446680117871,159.80839277568336,160.0163027979601,68445600
163.56053161621094,164.6594498569072,162.18441013519882,162.9467114928456,49386500
163.58030700683594,163.73871316096566,162.39229106374768,163.44170539858303,41516200
164.8079376220703,165.7385549260402,163.99611738449903,164.44163659637942,49923000
165.95639038085938,166.48109766330478,163.8872454167369,164.14465925023921,47720200
164.98614501953125,166.19396563576217,163.90703130539762,164.43173852810273,52456400
163.3724365234375,164.78815208279067,162.8477292777316,163.40213579346278,58337300
163.67933654785156,163.94664508043508,162.25371118266517,163.35262947612597,41949600
162.13491821289062,164.64955210777222,162.09530911482935,163.5407390651718,48714100
162.12501525878906,163.62984381357916,161.1746083552498,161.43200707778223,45498800
166.7285919189453,166.87708827078586,163.54073931024718,163.54073931024718,64902300
167.98590087890625,168.15421688581486,166.2038842356674,166.80779457565893,55209200
167.8968048095703,168.74821914844807,166.95629265889536,167.5899022757501,52472900
166.85726928710938,168.64921071415353,165.8672534099648,168.39179691797213,48425700
165.77818298339844,169.21353985292495,165.4910849784499,167.80771888799373,65136000
164.1347198486328,165.37223965151196,162.6695006318279,163.243711633137,81235400
171.83706665039062,172.55977402605672,169.055109287866,169.27291399392053,113316400
171.76776123046875,172.1142728432519,170.39163971305302,170.75794076749395,55962800
170.05503845214844,171.80735575023974,169.8867375588741,171.32225761857964,45326900
171.82717895507812,172.29248769554175,170.1837487273319,171.29257694818676,53724500
172.01527404785156,172.84688383352895,170.4510470092042,172.11428168700377,49514700
171.0833740234375,172.5605284867848,169.52689179090092,172.1243165202818,45497800
170.58766174316406,171.71784028672823,169.99282456135643,171.6682680003546,37266700
170.58766174316406,171.6484360603376,170.31998349861684,170.50834911043384,42110300
171.2023468017578,171.44026961578084,168.9518977126324,170.23079334736886,57951600
173.54200744628906,173.73037308197308,171.0932844370763,171.50966446616422,65496700
173.6510467529297,174.87044639396197,173.43294078431077,174.87044639396197,55772400
172.69932556152344,173.20494177332736,171.95578654636702,172.481219573557,43570900
170.0820770263672,171.8864057178537,169.8044903241909,171.6385593675291,50747300
170.35963439941406,170.93463964845503,169.05101376120967,169.61609547644804,45143500
171.49977111816406,172.40192036340346,170.21096703266915,170.92476575302507,56058300
173.91873168945312,174.25581421879875,171.61872545109665,171.826923039006,54835000
175.77259826660156,177.44804166812344,175.0488913092159,175.43553093054112,55964400
175.72305297851562,177.80496826079084,175.23726871202743,175.80236562165695,99625300
178.53858947753906,178.5683298287558,175.405808045758,176.1691790241155,68901800
179.3911590576172,180.21401063542314,177.7157155545107,179.47047169338217,61945900
178.03297424316406,183.35670847100744,176.50623240767692,181.05670243794387,121946500
177.6661834716797,178.56833268525313,175.9015035496613,178.41963092679066,64848400
176.28814697265625,179.64894264257165,175.79245430672572,176.90280103766142,61944600
179.01446533203125,179.2821284929526,175.93125619506344,176.367453055308,50214900
179.40110778808594,180.66015634842165,179.0739487923587,179.93644924551378,48870700
182.2067108154297,182.30585540353945,179.41101193334958,179.7084305703386,54274900
181.7308349609375,182.5635949733869,180.86833459999627,181.2252339092373,54929100
182.36532592773438,182.8015378873281,180.45195952819037,181.79032062893717,57462900
184.40757751464844,184.91319370821412,182.19679249165128,182.37524971506843,65433200
183.3269805908203,185.37915556544473,182.68258615200966,185.12138568804832,101235600
183.41619873046875,184.4968202621219,182.82137659501507,182.82137659501507,49799100
182.37525939941406,183.8127651610623,181.01705115534045,183.30714894064778,49515700
185.38905334472656,185.43862563579464,182.0877384404729,182.15714267343606,51245300
185.07180786132812,185.94423180057566,183.41619616013958,183.95155271461957,53079300
183.6739501953125,186.42999999051133,183.63428631385352,185.2205087707664,48088700
186.43991088867188,186.7670698420573,184.07050070567323,184.28860667459685,50730800
187.6196746826172,188.26406909954764,185.9838949305078,186.31103877905792,51216800
187.9567413330078,188.43261718372244,187.31234691859044,187.45114025988062,46347300
192.2990264892578,192.80462759541973,189.6123654098311,189.97918829297507,85069600
190.80201721191406,192.20978249103928,190.10803541561756,192.11063791232868,31458200
189.68174743652344,191.3175270975779,188.97785723169864,189.91968534956396,46920300
190.1575927734375,190.36579032144616,187.57007679659148,188.2045627194373,45094300
189.037353515625,191.01021583133178,188.60115666342472,189.76107572138073,46778000
186.98519897460938,188.35331565327752,185.42871665150543,187.62959342704087,59922200
186.4597625732422,187.66925393721883,184.99251645839882,187.53046059023825,46638100
188.13519287109375,190.04855924155865,186.84638895388292,188.0459566971953,60750200
188.8985595703125,189.5429691298021,188.14511214362412,188.8589108119984,41342300
189.0472869873047,189.53305615859267,187.99642086899894,188.59124304090398,41573900
192.31884765625,192.64600663390738,190.15761974766676,190.24684079775338,50520200
192.06109619140625,192.65593350366643,190.76238369122416,191.6843800124933,48353800
193.41929626464844,196.52232225877913,190.99038994943103,191.43652547824442,80507300
191.46624755859375,194.777470825343,190.84166997972974,193.40935427253197,59581200
190.28651428222656,193.29041080540085,189.5826239989074,192.42791035637276,71917800
191.08950805664062,193.2309038397432,190.59381542873754,191.74382595603396,45377800
191.95204162597656,192.76498493762563,191.25807485221583,191.66454650804036,37283200
192.8244171142578,193.95459561204478,191.65458986538061,192.0015656012661,47471900
191.5554962158203,195.5012060373142,190.89126978529973,194.33137847747412,47460200
194.14300537109375,194.93611671931453,192.46756161890426,192.99299467254062,48291400
194.75762939453125,194.79729327585247,193.5778785263088,194.37098975201062,38824100
193.92489624023438,195.03524303340677,193.5977372471017,194.5494738750641,35175100
190.92098999023438,193.4985827896997,190.1972829299724,193.3597894476311,50389300
189.52313232421875,190.71279169853844,189.04727159995883,189.91969553388512,61235200
180.42222595214844,185.76579240309633,180.35282171627148,183.92181504025928,115799700
177.30926513671875,181.55239296699656,175.8221872019764,180.5610076771683,97576100
178.2510986328125,178.71705098279648,176.05022182613857,178.14204563329835,67823000
176.65493774414062,179.37132361114365,175.48509529864398,179.31184291731705,60378500
176.4368438720703,179.1928938087059,176.07003615011226,177.93383023619305,54686900
176.49639892578125,177.32036168980022,175.26543082107975,176.02983256684112,51988100
178.15428161621094,178.38260392804418,176.01991561712387,176.67511718788185,43675600
176.15887451171875,178.174103062697,175.76179096239193,177.57847773870674,43622600
175.28530883789062,177.24096145960885,175.2158108770956,175.84123193317788,46964900
172.73399353027344,176.218449670705,172.21777275650916,175.85114660071363,66062900
173.22044372558594,173.8260060676773,170.70885281849434,171.04637539663875,61114200
174.56057739257812,174.84847582356457,172.47586616641206,173.7961908502,46311900
175.94049072265625,176.38721354501158,174.96762533098521,175.77172944077836,42084200
179.80218505859375,180.2290643006026,177.032491470534,177.2211114741355,52722800
175.09669494628906,179.78235426712118,174.72937670082027,179.35547499475715,54945800
177.31045532226562,177.84651968096887,174.54076169805765,176.08940889849805,51449600
178.8789520263672,179.27603559399373,177.25088516267095,178.77967356057698,43820700
182.7803497314453,183.55467328918405,178.19396940518234,178.39251118833664,53003900
186.28466796875,186.48322490340712,183.39585240180426,183.59439418869403,60813900
186.5030517578125,187.7439567493299,186.1158900063697,186.47327124983738,60794500
188.0814971923828,188.538141753245,186.91007498628073,188.11127770079705,45732600
188.31976318359375,188.59772472633045,186.24497340110617,186.91009674606673,45280000
181.5791778564453,187.47596172928527,180.14965265723944,187.02922374370715,81755800
176.26808166503906,176.91336139268128,172.27732670257566,173.90539355501954,112488800
176.88357543945312,178.9285998393183,176.4964136407334,177.05235186894313,65551300
178.0549774169922,178.98814040153138,176.0496706936909,178.7598181226865,58953100
175.0172576904297,178.81939272059032,173.5480302988034,178.18404991763566,90370200
172.9424591064453,176.00997270905043,172.71412167424248,175.22571224634177,84267900
174.46133422851562,174.81871550108795,172.3170465930817,172.73398888645488,60895800
173.7366485595703,175.2158130007049,172.55531954165141,175.1959542762702,109205100
176.6750946044922,178.0748391046168,174.88818834345716,175.1959303652364,67257600
177.76710510253906,178.32302815377042,175.84121799808253,176.22837977645918,51826900
174.21316528320312,178.39252544188162,174.12380859804207,177.95572439538154,58436200
172.6644744873047,175.0172406192522,172.5949916855764,173.27997365508898,63047900
173.5182342529297,175.79158086544706,172.7836281326413,173.39911221131908,56725400
174.79884338378906,175.6823671360894,172.88287819083024,172.93251742028295,46172700
170.70883178710938,173.92524796713502,170.41101154694528,173.54802313417602,64588900
169.18997192382812,171.7809825966186,167.82002287860425,171.36404026565756,66921800
169.44805908203125,170.77830558378838,166.4003891832915,168.10787564587397,56294400
169.96429443359375,171.81076180692196,169.10061419351356,170.76839850543928,51814200
172.48580932617188,173.03181060107437,169.6863201427267,169.97421860938772,52164500
171.14561462402344,172.36667607241205,169.5771240058018,171.0066338674304,49594600
172.39645385742188,172.9424550881848,169.72602386786275,169.84514590084152,53020300
173.6373748779297,174.17343922355133,171.42358924241523,172.52551359241795,48527900
176.1986083984375,176.69497045530053,171.91995474415313,172.53545399514545,57224100
177.68768310546875,177.74724412480685,174.52089096334598,175.52353680032698,42390800
177.092041015625,178.41236580749592,176.6552400140717,176.80415770883764,43698000
178.49180603027344,178.54144526755815,176.3078159196626,176.90344132377368,47551100
179.3951873779297,181.01331743803624,177.73732472140046,178.759844529376,56743100
177.5487060546875,180.60628286156256,176.84386529966793,180.09999903884182,51427100
177.41964721679688,177.7770284883398,175.22572035442593,175.46397958471027,52517000
175.86106872558594,177.12183257732815,173.5281761730158,175.36470667426025,57549400
174.56057739257812,176.2879225352004,173.83589314356078,174.30247461631913,54764400
174.18336486816406,176.5460377577175,173.9153251388443,174.75913147519677,59302900
171.62216186523438,174.14367462886938,171.38390260775535,174.03447436266262,64189300
171.7412567138672,172.7439025281915,168.69358667928853,169.66646713238327,55980100
172.1780548095703,172.40637709061713,170.2025285754243,171.79089305137515,43816600
169.8551025390625,171.80083332633419,169.4083645680371,170.62942613878033,57157000
165.6757049560547,170.13304109397222,164.46458048468762,169.13038017633548,70625300
166.9960479736328,167.73066925493364,165.6161620916175,165.69558183671225,58499100
169.0509796142578,169.92458166587582,167.64131321590813,167.7902309189435,51131000
169.52748107910156,169.65652489813172,166.67835290941483,168.11781482217418,44846000
172.70420837402344,172.9623111800798,168.88221462983017,169.75581666227828,56934900
176.2780303955078,176.4864939793014,174.18338188289627,174.2429429068373,77334800
175.3647003173828,175.53347673875106,172.08872301559984,172.97224682902157,79763700
177.92593383789062,178.1244756256995,174.92791800211177,175.09667927913767,63841300
180.4971160888672,181.1126002277605,177.66784614167742,177.87630973489087,70530000
181.55931091308594,182.11523398810698,180.26876654734838,181.023246561535,49340300
181.0828094482422,182.78035920210118,180.4871689201494,181.62881074103257,53763500
185.2875518798828,185.4565506612299,182.43468499907056,182.87206148972973,66133400
183.69708251953125,184.9197374055116,183.11060738869827,184.71099921820172,43627500
186.32135009765625,186.987349680322,185.18815428767326,186.579792942837,60108400
186.887939453125,188.36905250310778,186.65931635404164,186.72890587030213,53790500
188.57778930664062,189.82032912157422,187.52410280269015,188.43862545407694,54412900
188.5579376220703,189.24382214751304,187.4446266055401,189.11459313033544,50922700
190.30740356445312,190.76466491067268,188.7467813740569,188.75671623264228,46505100
189.5022430419922,190.37699597796984,188.60762038854105,190.26765186097265,38134500
190.16822814941406,191.77855487032625,189.69109711501824,190.3471617671388,39617700
188.8362579345703,189.76070040271065,188.12055368994098,189.7308806564948,24048300
188.65733337402344,189.53208641907588,187.77264546899545,188.7865623923312,40552600
189.26368713378906,189.9396367824376,188.2696551316836,188.64739214615557,38415400
188.23983764648438,190.9436059381113,187.84223090795535,189.7607054145589,43014200
188.8163604736328,189.1841625986753,187.06686975200412,188.70701635554832,48794400
190.0986785888672,190.41676093068807,188.1006646303825,189.19410585978827,45679300
188.29946899414062,188.91577913023963,186.33128993843854,188.84618961175903,43389500
192.26565551757812,193.23980256929687,189.0449865799245,189.07482149235318,66628400
191.17222595214844,193.5976510937421,190.9634725753497,193.28950362567244,41089700
193.11058044433594,193.8362194805571,192.43463086867496,192.4744006383907,47477700
194.5419921875,194.8203199094653,192.5141585929263,193.04099429291227,53377300
192.02708435058594,192.33524699521988,190.27759358324766,191.9575100014726,60943700
193.5479736328125,193.5579084922386,190.5758125501861,191.92769665062553,52696900
196.778564453125,196.8183190559037,193.68712459255818,193.925682544677,70404200
196.9276580810547,198.42864077264184,194.98929893159502,196.83819885132337,66831600
196.39088439941406,197.21591750628332,195.82427895138287,196.35111463057538,128256700
194.7209014892578,195.45649052996882,193.2298536912898,194.9197048287757,55751900
195.76466369628906,195.77459855586707,194.72092706706565,194.98931995291727,40714100
193.66725158691406,196.50023361616374,193.66725158691406,195.72488988877126,52242800
193.5181121826172,195.90379770975298,192.34516188676014,194.9296507492267,46482500
192.44459533691406,194.24379077463595,191.8183503425399,194.01515250091973,37122800
191.89785766601562,192.73284080582573,191.67916943877162,192.45451309255571,28919300
191.99728393554688,192.34520121931277,189.9495803442342,191.34123431157244,48087700
192.42471313476562,193.4982694967864,192.01715638138543,192.98136861854135,34049900
191.38095092773438,193.23978563415233,190.58572241393787,192.7427697089948,42628800
